INSERT INTO promises VALUES ('2019-09-13','500+')
INSERT INTO promises VALUES ('2019-09-22','PiT 0 for young')
INSERT INTO promises VALUES ('2019-09-11','100 bypass construction program')
INSERT INTO promises VALUES ('2019-09-30','13th and 14th retirement')
INSERT INTO promises VALUES ('2019-10-01','4000 PLN minimum wage')
INSERT INTO promises VALUES ('2019-10-05','Preventive check-up examination package for people over 40 years of age')
INSERT INTO promises VALUES ('2019-10-03','Improving the frequency of PKS')
INSERT INTO promises VALUES ('2019-10-04','Allowances for farmers in the event of difficult weather conditions')
INSERT INTO promises VALUES ('2019-08-16','Construction of a nuclear power plant')
INSERT INTO promises VALUES ('2019-06-10','Co-financing for solar cells')

INSERT INTO political_parties VALUES ('PIS','Warsaw','Jaroslaw Kaczynski',60892,'2001-06-13')
INSERT INTO political_parties VALUES ('PO','Warsaw','Grzegorz Schetyna',58888,'2001-01-26')
INSERT INTO political_parties VALUES ('N+','Warsaw','Katarzyna Lubnauer',12333,'2015-05-11')
INSERT INTO political_parties VALUES ('SPRING','Warsaw','Robert Biedron',16897,'2019-02-03')
INSERT INTO political_parties VALUES ('NOW!','Warsaw',' Joanna Wielgus',7086,'2018-11-17')
INSERT INTO political_parties VALUES ('KUKIZ15','Warsaw','Pawel Kukiz',8902,'2015-05-11')
INSERT INTO political_parties VALUES ('SLD','Warsaw','Leszek Miler',18641,'1999-04-15')
INSERT INTO political_parties VALUES ('SELF-DEFENSE','Cracow','Andrzej Lepper',3298,'1992-01-10')

INSERT INTO election_program VALUES (1,'That life would be better. Everyone!',10,4)
INSERT INTO election_program VALUES (2,'The rules oblige!',6,2)
INSERT INTO election_program VALUES (3,'For truth and dignity!',3,3)
INSERT INTO election_program VALUES (4,'Wise governments instead of stupid wars',6,3)
INSERT INTO election_program VALUES (5,'The Agreement Serves People',9,4)
INSERT INTO election_program VALUES (6,'We dont promise! We are planning!',3,2)
INSERT INTO election_program VALUES (7,'Poland deserves an economic miracle',8,4)
INSERT INTO election_program VALUES (8,'We will eliminate corruption',9,4)

INSERT INTO deputies VALUES(79030801234,'Roman','Nowak','1979-03-08',12234,'doctor','ordinary deputy','PO',1,12234)
INSERT INTO deputies VALUES(63072804321,'Stefan','Wyszynski','1963-07-28',13214,'historian','ordinary deputy','NOW!',4,11234)
INSERT INTO deputies VALUES(66122202142,'Agnieszka','Kaczorowska','1966-12-22',25678,'doctor','senator','PIS',1,58888)
INSERT INTO deputies VALUES(71061802146,'Magda','Zdybel','1971-06-18',21345,'lawyer','minister','PIS',4,34321)
INSERT INTO deputies VALUES(56021401245,'Pawel','Walczak','1956-02-14',27314,'historian','minister','PIS',77,39167)
INSERT INTO deputies VALUES(66122202457,'Jonasz','Kowalski','1966-12-22',34256,'lawyer','marshal','PIS',22,32145)
INSERT INTO deputies VALUES(80041209876,'Andrzej','Karalu','1980-04-12',12223,'doctor','senator','SLD',13,11435)
INSERT INTO deputies VALUES(40041206890,'Krzysztof','Pogorski','1940-04-12',24567,'lawyer','ordinary deputy','PO',57,44562)
INSERT INTO deputies VALUES(69021806543,'Ryszard','Kukulski','1969-02-18',21415,'historian','ordinary deputy','PIS',12,21467)
INSERT INTO deputies VALUES(70032905743,'Bozena','Zlowolska','1970-03-29',25789,'doctor','ordinary deputy','PIS',89,23217)

INSERT INTO commision VALUES ('KOP',10,'Matters of state control')
INSERT INTO commision VALUES ('ACF',3,'Administration and Digitization')
INSERT INTO commision VALUES ('PET',3,'Petitions Affairs')
INSERT INTO commision VALUES ('KSS',5,'Special Services Affairs')
INSERT INTO commision VALUES ('SUE',10,'European Union Affairs')
INSERT INTO commision VALUES ('ENM',10,'Education, Science and Youth')
INSERT INTO commision VALUES ('EPS',5,'Deputies Ethics')
INSERT INTO commision VALUES ('FPB',15,'Public Finance')
INSERT INTO commision VALUES ('KFS',11,'Physical Culture, Sport and Tourism')
INSERT INTO commision VALUES ('OBN',3,'National Defense')

INSERT INTO property_declaration VALUES ( 79030801234,'married','2019-11-10',160000,0,1000000)
INSERT INTO property_declaration VALUES ( 63072804321,'divorced','2019-11-06',45000,0,600000)
INSERT INTO property_declaration VALUES ( 66122202142,'married','2019-11-08',267888,0,750000)
INSERT INTO property_declaration VALUES ( 71061802146,'single','2019-11-08',19000,135555,1500000)
INSERT INTO property_declaration VALUES ( 56021401245,'married','2019-11-06',200000,10000,450000)
INSERT INTO property_declaration VALUES ( 66122202457,'married','2019-11-06',500000,0,2300000)
INSERT INTO property_declaration VALUES ( 80041209876,'widowed','2019-11-07',236666,0,1100000)
INSERT INTO property_declaration VALUES ( 40041206890,'divorced','2019-11-09',14555,700000,2300000)
INSERT INTO property_declaration VALUES ( 69021806543,'married','2019-11-08',10000,60000,1000000)
INSERT INTO property_declaration VALUES ( 70032905743,'married','2019-11-09',1000000,50000,25000000)

INSERT INTO votings VALUES ('2019-12-10',350,'Senate',300,40,10)
INSERT INTO votings VALUES ('2019-11-12',100,'Diet',52,48,0)
INSERT INTO votings VALUES ('2019-11-11',460,'Senate',420,34,6)
INSERT INTO votings VALUES ('2019-11-26',65,'Diet',50,10,5)
INSERT INTO votings VALUES ('2019-12-01',383,'Diet',80,300,3)
INSERT INTO votings VALUES ('2019-11-16',293,'Diet',200,90,3)
INSERT INTO votings VALUES ('2019-12-06',89,'Senate',35,45,9)
INSERT INTO votings VALUES ('2019-11-19',449,'Diet',412,28,9)

INSERT INTO proposal VALUES ('500+','PIS','statute')
INSERT INTO proposal VALUES ('vote of no confidence for Prime minister','PO','statute')
INSERT INTO proposal VALUES ('retirement age','PIS','novelization')
INSERT INTO proposal VALUES ('traffic penalties','PIS','novelization')
INSERT INTO proposal VALUES ('Supreme Court','PO','novelization')
INSERT INTO proposal VALUES ('expose','PIS','statute')
INSERT INTO proposal VALUES ('increasing the number of students at medical universities','PO','statute')
INSERT INTO proposal VALUES ('Supreme Court','SLD','statute')

INSERT INTO vote VALUES(79030801234,1, 'abstained')
INSERT INTO vote VALUES(63072804321,2, 'for')
INSERT INTO vote VALUES(66122202142,3, 'against')
INSERT INTO vote VALUES(71061802146,4, 'for')
INSERT INTO vote VALUES(56021401245,5, 'for')
INSERT INTO vote VALUES(66122202457,6, 'abstained')
INSERT INTO vote VALUES(80041209876,7, 'not present')
INSERT INTO vote VALUES(40041206890,8, 'for')
